Feature1,Feature2
4.696617536047501,4.568564489108564
0.228604472102111,2.252984221198499
1.6472276572802116,-2.500483874424816
0.2337236707325463,1.6253562051390302
-0.34593798766952233,4.910934849399723
-2.39293448490679,-0.5573639443087686
-2.4676424852722176,1.8604858174967065
4.649568470382329,3.7561059026197565
2.779368427029083,-3.394542299605593
1.8185838331151665,2.742458870461042
1.8766703062605403,-2.5912416783082506
2.7679104635010034,4.202677551042733
3.055800875997072,0.3010439366042874
4.7980675382502085,2.4483140302268946
-1.0491254910656824,-2.6311170480100365
1.7285582810900646,1.9618217293587517
-0.24898912005567553,0.7677329042776044
-1.8984365177221854,0.1578625348552194
-2.0646181858360455,-4.3906064055533776
1.075144281401367,-2.8850127175691087
0.04611585857444034,3.3282918708611753
-2.8905050701182935,3.7155457466654678
-4.0673402643370595,-4.0123591676369985
-3.6170529944242444,-4.213669577488125
-2.4905032585941345,-1.8209041721938979
4.355970470638827,-1.5454424965314284
-1.851560012005018,1.4894227024772535
-2.2833894829138144,-0.6848362676467188
-0.25154892873124446,2.81284650203255
-4.340982983864765,-1.635642929263855
-2.8697224741218577,-4.035779721687653
-1.4693155658722192,-2.423466264815133
4.932652012950845,4.802413565496499
-3.4152211759137776,-4.36948545171706
3.716651309277399,-0.6019597432129551
1.733487768286138,4.625202791159165
0.2795901249106869,-4.835110165722671
-2.9153539981559473,-3.2142633144013875
1.3330942869661824,2.450929442888553
-4.288509711763869,4.630764083132027
3.5677567105763526,-1.0753007353361879
-0.9479594205673134,4.5145274315204915
2.4166069448441245,0.37721643559064244
1.5082409510737902,1.2618303818183731
3.676412249699476,-3.1150732909472767
0.7597724038328844,2.1273715700745814
4.235164175874633,-0.978074967487431
-3.683015798376256,0.6119010048582059
-4.299902774729116,1.060144638015922
-1.1425992361167578,-0.8413633811065226
-3.0140713532962193,-3.756052805330005
-1.3144762733544733,1.507724862236726
-3.596343403858305,1.443935118546972
2.588877994225241,0.3821949578398067
-2.506737352443248,-2.2503210788173025
3.1506099892105794,0.8647040133448636
1.1813081393885536,4.821877052392088
-2.4032493581986647,-0.06223584919096048
-0.043964438007845885,3.9113022406592624
2.092695305284008,-2.4465975616543476
3.516669935109311,-2.139746335447159
4.690148834261429,-0.6724952062552063
4.605672101357358,4.988043139713062
2.237035695575611,3.104398671856968
-4.932117296210123,4.361092051962906
2.6728847661148203,-4.142047522379906
-2.974120143711599,2.4005679508037927
-3.363188242104116,3.365588220062296
-4.376801109610817,-2.631245469937047
-0.263840078342775,-2.498074492148614
2.6229376809239815,0.0394039555438388
3.684594638391033,-1.1855667664629443
-3.4262630287474716,2.3356861273823535
-4.574236096796659,3.658137649213945
-0.17380100275811827,0.3031796609999384
-4.258476374230058,2.3771608673851183
-4.002495864305027,4.0229171397946235
1.0477612918417503,-0.8055902716882724
1.0195174583767974,0.1237716348178699
-3.566723682042914,-3.7560165018959246
3.9688779885831114,1.1257355609768096
2.146249095847481,-1.5787420786914765
-0.5646286913867318,2.2677514334871782
-0.5416786533935847,-1.3890079121003893
2.048617502964925,1.812215101315454
1.5656847427154634,-3.0185119162513496
2.2784027653458425,-1.8035259033442355
0.4397103740202848,4.786955603965188
0.012856067385358827,0.20262381523772
-1.3286962020915771,-3.2568371725543557
3.971036633251485,-3.8271759385407114
-1.8961482447059463,-3.735576644778902
-4.708008298631827,0.11616293050732551
2.0166058314918454,1.893052221213873
2.126900731491376,4.633034342832881
-1.2825233470204078,4.133907031371853
0.9451427659557972,4.73404349967347
-2.2517087540813776,-1.2756151413234464
3.885887589473846,-1.9636740082362234
-4.719213198105578,-1.6949369494576407
1.0495170252274635,-0.3522618174374532
-2.7729970081308517,-3.0547049513598346
-1.7866798005810436,3.900428008722919
-4.080567185619406,-1.723738162783687
-2.2213577693691686,1.0237242319311877
4.764927251496774,2.083759078716538
0.27538512442706686,-1.477518489193983
4.7376938942413,-2.2389173347177085
-4.289977520236383,3.883103343773783
2.414827956130585,1.8497970088199933
-0.026001407805370746,-4.296360468411296
-4.644848387063179,4.537337522731658
-1.1518803650148701,-1.0297982190376453
-3.656444991444181,-3.3370122436993945
-4.179601291661246,-1.5414126425913874
-1.1153125664644303,-2.1615889540855324
-4.707562596453271,4.461200144201893
-1.2236667775957444,4.396369418622454
4.074566360989095,3.8477777812159655
-1.5421332479548298,4.32998802825839
-2.8642549304970855,-2.564284453316393
3.4939576955963663,4.258358410915733
2.02483470684221,1.9301853645896703
1.4635225717477578,-4.951542671229392
-4.587589046958859,0.45455773758039886
2.487339126421525,3.076753872768185
-1.6385527776642759,2.693802062617565
2.9992287144166276,2.813728421559399
-2.8705150943029603,4.9502987709822825
2.6743272131247897,-4.269884850155629
-0.6590318224695011,4.97803428611995
-3.013274119670154,0.5213804436359393
-3.9004299459495098,-3.638379556537571
1.135506989497511,-0.6209300367320552
-0.1203057497187281,-4.367753199971918
0.48934559096378827,0.8402725827982636
0.47519616389222996,1.2689454696263756
-4.254177349169116,-3.657229818278519
4.321481963364137,-4.805921596327819
-4.9342534993821925,-2.5946717623047935
0.48863853611070684,-0.7395300457314846
4.27330056250867,-3.9150685029394463
1.2374025017195383,-4.459671209673105
1.5886159829549387,-4.752847122327056
2.103742674439336,-1.660786613480373
0.2181728534331313,2.6522703754917165
1.851580367183578,-2.986085206260949
2.7774490038984325,3.1320878395392437
4.175656957373844,4.44165656973343
2.106910675464377,0.6423575457176884
-4.769397325054296,-3.5295463741774
2.6023500697703925,1.6002555453881921
-3.6678832722131705,1.289151581803372
-2.1332572131766705,-3.599420622311654
-4.591995298056285,-4.363316506457818
-2.8697531435301196,4.9355456197858665
3.317334316762615,-1.362817395393301
4.318862804477835,-0.9335421612253718
0.48349293629319057,-0.1917232746641222
1.6726827398480735,2.8722299679233556
1.7342541527971447,1.9074780864047316
-0.14948871324162738,-3.855735132543394
0.13498637172060146,1.113788260980181
-4.672603823440564,-2.4650970063940667
-4.291304052720122,4.438826123967969
-4.390691244205691,-1.10266706019994
-4.545384429389074,0.6197589099489083
-1.0490760651963935,-2.751181932138107
-4.304206865465997,0.9512088352038504
-2.589203139478226,2.9056804190849856
3.8598959076597197,-2.995041842993278
2.967960530482471,2.8803702952504837
3.6915368182504427,0.9384283485927796
3.85750511955332,0.6688709103076382
-0.5553178385292847,3.271400569078871
-2.163884555647335,-2.7333680825100224
-1.8191575870744456,-1.8050912342103076
2.1516358669595705,4.63129181367645
2.509963303675626,2.887992000181983
1.6371369356263994,-3.3785119514986017
4.367510845219945,-3.2848915508403245
-2.9883444935552306,-2.594979287763106
-1.4596807620409349,-4.957457922532663
3.965308436602081,0.38485009162173434
-4.57348355299768,-1.9655372705620544
-4.056632315969988,0.7286987729601169
1.8014654705472433,1.8813986527336422
-4.702229502658975,-3.0098845222211357
-1.2854225113692221,4.978869670412214
4.9805764211194266,3.61600928735521
-2.8841449276132303,-4.351168373366454
-2.7934321102178314,0.8446255245184764
-3.1950428095562824,2.0193228892524404
-0.2094960778803152,-1.1366212738093653
-2.676124625578291,-0.30953960833898186
-1.3740792555491144,0.3778008420703829
1.8183908014584578,-1.266963063175568
2.787300262826296,0.8451025992483396
-2.7807483124730403,-0.21942553275749344
3.656946158527054,2.7130917111122326
-0.09377660378865649,-3.1803681435448494
-2.7700484465240507,-4.16776612217917
-2.196029555172548,-0.6080978131214474
-3.3675605610681147,-0.6042464916716757
-0.8682852287133098,-0.17564606161538876
-0.7105250869869799,-3.9832883971962163
-0.263613352304767,-2.946815189271196
2.148249216318151,0.20339505918218315
0.9275848223900738,-4.717749877623848
3.4188428938502806,4.0741604387952055
-3.591420910685362,-4.536171292396799
-4.5307152298661855,-2.89914985484483
1.927967901842381,0.9654842786418447
-4.247872624715089,-3.745123994056956
-1.1256994873700323,-1.319589484751711
-1.4178112284408373,-4.790226785663427
3.4051039685190023,2.3779772622096287
3.782265866736708,-1.2505306090136803
-3.011197396866857,-4.675230302033948
3.6970229387401368,1.890555352807791
0.13398664949310124,-4.914273686245566
3.6581774132285183,-4.5541088670319
-4.494144472823676,-2.4926941320700067
1.9809136606211872,4.423525986983945
2.3532518554914708,-0.3244599325776232
3.5238243495794954,-1.5226440982313316
2.9334135619372406,4.773070845989086
2.335510775960895,3.381380357632212
-3.5651594195260783,4.214513870330988
0.10455717458791458,-2.6413579705363874
-1.145701460070768,3.8048736335365074
1.7066215105073725,1.6098213751088544
3.5427919581340195,1.9442824040410978
-1.9748728004234781,0.8569586772048527
0.40183498580875554,-0.03372452127480585
4.0219157426326575,3.265330556075135
-3.7110731584301893,0.14394567229303323
-4.382398281822257,3.6849778301342972
3.56264892359469,-1.8175166131255107
-1.348919974739784,2.3277589626023865
3.360784871826004,-2.52069203914742
-2.7104596955314575,-1.4785372805681254
-2.036046705629746,4.882566785911031
1.9604700534182165,-0.2530664265729099
-3.31222023712171,1.4405101862266534
-4.393462843469912,1.2217928905918685
4.150716744445967,3.7031709410677944
3.3009166560391137,-2.7933534268541527
-0.45522851196502323,0.7604324450434667
0.14885759240904228,-0.36182395768983433
4.505305560055282,-4.115559171841056
-4.582351565454731,-3.654306897293763
4.397844845784864,-4.939426972414987
3.6459168274866887,-0.4432371631049783
2.911896930453345,1.5611293699301143
-2.5218264965700623,4.94878483532316
1.0251420243019798,-3.0069647606472403
-3.336323766377609,1.318724205877606
-3.8311159223210622,-2.722316665646485
3.171379218617705,-4.741945075970808
-2.061586244244238,-2.5561610268899315
-2.771710630806876,4.9305468075886605
0.3278974009583555,2.5000901032373237
4.190688682038861,-1.3038951436313262
-1.8423917578481177,-3.739963505598899
4.1275312870902425,1.8944948462203506
2.312400804781208,-0.9492526844290463
2.1815862985185,3.5535566684627966
1.5576148766858857,-3.711319730471395
1.6118671305559742,1.8471003246680153
-1.019296130037758,3.1922931286155194
-2.307314564633759,0.5593931023737184
1.2440782804208004,2.211082120524617
-3.911086472277163,-2.3877731188671794
4.725704799351746,3.128611486190339
2.07342551135452,-2.5313742398228687
-1.7377963790443616,3.319102491238727
-3.113258207115436,-3.2492938822681117
-4.901618586879178,3.2190656172617214
-4.540378001848322,-0.6649363651999352
2.2293178804480354,-1.2704868781432732
-4.035349666710526,1.8335774029664016
-2.8619188052564173,-4.949538725493349
3.219467883109516,-3.4934176018756458
1.837725740234628,-3.661619924548838
-2.4172044600676132,-4.547072617297289
3.724221593153862,-4.590759786134873
2.8610684486033557,-3.1682316204616248
1.8471097963892955,-1.2795048157812552
4.624730046171688,-1.609695904513818
4.91355033595654,1.3296365318989736
1.4809870581796751,2.5752230807305256
-0.5129600272061676,-1.2196141863274814
-1.7111566567753647,-0.4693338924516084
-2.1858040996586725,0.07064414984681378
3.2311717042086823,4.804757818610277
1.225857415206253,-2.7198741020473105
-2.0959145626230224,4.310516437138075
4.59149878808144,3.6079133456717685
3.691773068557522,-0.5783288522810528
-3.5366003259627576,-4.389891118625874
-1.6133237039869086,-1.9589603089242766
2.578844481514304,-1.7166263913719204
-2.8064593330626186,0.21484653853771984
0.6335035867294714,-2.101535962828478
1.441896021620921,-2.272166942438998
0.9648959608358041,-1.7815091627805835
-3.848997696450734,2.734064635759154
2.9580029739749616,-2.092259349957244
0.44087456560935134,-0.5710649078750807
-0.06664230332837828,2.49336893963667
-0.3738298381803862,4.062428634678335
-0.9187627361846147,2.5655190855657235
-3.9704650160586965,-0.8541243155480966
0.920521110527873,3.263956775709623
-0.7501857399355423,3.0426193811674587
-2.3981843557519236,3.009696729821087
1.0660438647785506,-4.1422893099599944
-2.347978829769508,-2.4169480678185007
4.9199529401057855,3.5461787684770787
-2.40792570813948,4.792710685341522
2.2764995265963694,-0.462056925002007
1.8386822930682598,2.559624722578916
1.7173816682552632,-1.558677747855838
0.7239383580067802,0.9047327157617087
3.467381622874921,-3.530270926153809
-0.3023928028373195,0.248230902381267
-1.4751015388171296,-0.5877950332986535
2.629221695444227,-2.593079084678085
-3.1965742312014545,1.1209776143190204
4.2250340105927755,-4.671579137283514
-2.641260702041878,4.4503641988039035
1.3140203852627765,1.6928830841522036
-0.35421878661697104,-4.503036395515378
-2.6020847655594945,4.329062070930647
-1.3854776892657195,-2.996185632456018
-3.346359975657396,1.540308003316846
-1.3458505875013138,3.0169229366538666
-1.876966398997073,0.0023828383148032373
-4.319790511726946,-0.9067752509041371
1.5551483017909407,2.7086094427243417
1.1093705695843283,-2.652092733113147
-0.35387828241017516,-0.9908069688352761
-0.27127813764569986,2.9073748417645415
3.9677524499241628,-0.5720549436307891
-2.9335281918895006,-4.4055969063760365
1.03094363249562,-4.123229737412155
2.5605417537257473,3.043393095974361
3.42596139158373,-2.3730454147001567
-4.354278065831957,3.7665342749647888
-2.8245195016399807,-2.763560063637648
-4.914021822679593,-0.1669354587218681
3.118535192974994,4.162369552208876
-2.7664906959472466,-4.417836662834993
-1.9937692834652387,-0.9478469214933387
3.307879595227126,1.7788348010055213
0.10500994813966535,1.11056757997763
-0.14844728049869005,-4.883538531768092
-0.3469598618984975,-2.9971320364566867
-0.4840362457676086,0.7615592920034144
2.228276348953715,-2.0938990788748923
-2.538841985352142,2.036874415880777
-0.26787683147369457,4.581469912611119
-3.5976302162822673,-2.6128979759815274
2.0945891900052658,-0.8987008804935881
-4.8168875925442425,-0.19169936876646165
2.2103127388425836,-0.9292319960088147
4.149003765218826,1.5086443651694479
-3.9410322325221756,2.314377590063753
-2.133487845088955,4.308305421263938
-0.0076155488488458545,4.592667314776794
0.640758059604206,-4.899353294873609
4.311758482798467,-0.8766526964934283
2.8261804926365492,4.462699800976891
-2.6537319252229077,2.512171093472002
3.652059721005349,1.8225872167893016
1.094159612083705,0.5870905755963456
0.5904913604059425,-0.18183585858046136
-2.3701764037711093,-2.28449528119243
2.0146114483957156,-0.1968856041115341
-3.049583215571041,-0.07886507242168683
-2.2832314928012987,-1.3126383248408633
-2.9998908999792286,-3.4077531638754066
1.9895761276979007,2.3291713074257148
2.283668729456693,4.714946777387469
2.5704486470789707,0.7762572313371576
-1.3686343229138798,0.24384749356268287
2.836036657067477,-4.325201597338031
-4.109618975361125,0.3442031124130356
-4.884189189343823,2.095437459398269
4.0078030266404685,-2.015647924243443
1.1897576848941913,1.0110365661688991
-4.750447596496189,1.6883008775055774
3.810921782857058,-1.2935119465287084
0.6688545577825442,0.47604503637457807
4.866929924818887,3.021031588093255
3.349299722951759,-2.517719270827957
-1.707692288483953,-4.310990013607339
3.159264352536958,-0.7224741868490696
-3.0567709580685163,-0.9909869059440801
-0.7833357896064683,4.492645977207786
4.420615647104789,2.4412295144118668
-2.4845577565189436,1.5051141284765626
4.7729434495349174,-3.3934512836068933
2.4841626537494275,-2.4713544290088763
4.150803040643087,-0.4908825843755116
0.8530849106336564,3.659495720561118
2.168339206135914,2.833013585627758
2.1216856854717054,-0.7557752803104121
3.2406916524656886,-3.0468236790294156
4.044392384165279,-3.0846820790417038
-2.285069222020728,-2.9577421793688408
0.8293967579185271,-0.5846135645206765
0.90850934484045,-1.792958197757324
4.37219885755596,3.158031856495903
-4.98965514601862,0.43403561980163285
-2.2448066575553915,3.253964734396746
-0.6828768163230494,-3.9647393991131086
0.6615916836813565,1.7551999037428683
-0.2925577674218296,-0.5749137987379962
-0.7851968052877814,0.9538147608965
-0.4877934685344565,-3.5518236897636433
-0.36053933949950157,-3.889716063046542
2.365224516392286,1.8603391571601602
-2.1805986144244125,-4.337791477368079
2.6226005887674875,0.0401049684437389
2.037768446422131,3.097439477609319
3.9635696168982637,-4.7089522025087005
-3.3726689095223983,0.38479596742008937
-2.6288319581782527,-4.6459424559040885
-3.7145201471116995,-1.3161027998396646
1.7674138654846052,0.5684735477574048
-2.2124263459699387,-0.16128125699482254
-1.1556720824081568,-1.1810541821846874
-0.7269180171274838,-0.07829008435192364
3.976604716713789,3.415455033450403
-3.7300340737031465,-1.2160194436882001
0.021637644848906845,-4.764232356561225
-0.675243452543989,-1.0272518774505235
3.6952487340455438,-3.9125289473523717
1.494867038676074,-1.1257792485964133
1.164302252830284,1.640806204240988
3.2551765196671827,4.877026609948958
-1.1743944747062676,3.585802860543568
-2.3608416811214417,-4.549469174017432
4.835490847253688,-2.7615721222749134
1.863997047123779,0.25891439390354165
3.4234091593381795,1.49835325342751
2.5818963226442113,3.201696718801543
3.7822158370474153,-2.712702854816751
2.338430728045484,-1.5130683700665513
-1.434441322804453,-4.735179015076484
2.84253167819002,4.166986410868002
-2.940093905359694,-3.724381397676919
-0.24218667897168533,0.3557292340903464
3.5089714891130406,2.230634038118869
-3.666562428362802,-4.79628899534736
-0.6275546722647825,0.644906732887752
-3.9321951779227513,0.2298988731890308
-1.9260969249076263,-1.3583536536565655
-0.2845191036676642,-0.8634133012337655
2.621276595035197,3.1729353615215885
-1.1088358507858755,-3.635980709226123
2.660448308880693,2.5542966588759652
1.8643784852825993,-1.5517840330005939
-1.8411596994492898,-2.5023043341834814
3.197921192433677,1.3447365381449288
-2.205812117569251,0.06520939553785521
-1.6809432884763806,0.8083386864660138
1.2049463343794198,0.07622196509617929
-2.668047845608169,2.6411139802603785
-2.321716737739062,4.295749957085793
1.231382993667653,-3.564138267410529
3.0811959802762665,-4.651660859365068
1.0176582821364635,2.365601851860907
-4.375639657370035,-1.0261393060276367
2.4174223515092175,-0.8160732391939431
-2.620661777325657,-2.0780643873964912
-0.7930498100838745,3.4502079404870685
1.2679109463577074,-2.701062212741896
-4.2409732536660805,1.4643025929108546
1.9860049959145432,2.7781612421153596
4.042880756020303,3.421198731267541
3.1172347614280547,-1.4820236216369986
2.1093044575667017,-3.339341629711189
-0.18804544688837943,-4.330588500301323
-2.182381630918396,2.3962182167835184
-0.4674181295195501,2.0623024341558587
3.485347510842697,0.11209215697134756
0.688689568880716,3.4920093316691396
4.903932753110146,1.31271912444684
0.4886311808057293,4.058459165583885
0.1757388270430349,-3.1712129801713096
-0.493729416982557,0.40021697727553285
-3.04136508891665,2.3298082815511183
1.755079526326659,-2.413260007157243
-4.617637297622869,-4.556828299230035
-4.141656531275136,-0.7401712393761448
-3.318723000077547,-1.614140436022561
-0.43756202313881154,0.4782878818683942
-0.5704427340957166,-2.3748932804222402
-2.8038571429109007,3.7681006692821875
3.410761049602204,0.21708131652945806
-2.875892954815762,4.769241603877045
3.380951377709387,1.414585790585038
4.110477256082186,4.038043965057357
2.5572561839337613,2.0669008312563264
0.6017313507334476,2.0959351519886944
0.5087514426471813,-0.5170131474585427
1.2195099236751155,-1.228513034660108
1.1953884958726295,4.895441484257589
-2.637965445429292,-4.780783906712887
1.819247499354847,2.5658502941224848
-1.7905179928321369,-0.11960987863445638
-2.384247706341671,-2.078011271525755
0.18044187472011775,-2.2462773727683283
-1.525890913414294,4.532061239218647
4.462527524308944,2.021391858732776
2.0871242881699565,-2.953240331284661
3.0649799847045482,4.58309207358533
0.971862558162532,4.251682906342843
-4.527816602156194,0.5022426942452585
-3.4782015211707162,2.537544778775916
0.8478365515528727,4.214912433740706
-2.415828454140655,-4.838557086053033
-3.841396510376657,-4.663688583863653
3.046474514783368,1.6973289685498596
0.4792690050856816,2.87725208958467
-3.1501738053440453,4.2482657115102676
-2.111208052318716,0.15955274108346806
-0.6497175125667276,0.6717986347012772
-1.732701199756046,-4.596264604182824
-2.2760200328669478,-2.495468809966803
-2.370659091163876,-1.8975482135398014
0.35389451701967545,-2.655878130390974
-3.064306096187619,3.7536639523208137
0.32162673709727674,1.8509747280242923
4.654231535519916,0.04814415526144522
1.6532934815532592,0.8388134240455543
-4.635981647610816,-3.322901109272495
-4.494503527394633,-1.0405342707462726
1.6151789384995734,1.2705458286763536
-2.537686812327885,3.554832830159052
-1.4204386454350981,2.444911376541075
-0.9741471615693618,0.4094616472493975
-0.02418554357447089,1.6763717187217093
-1.9040843279222175,-4.176384726945674
-4.736297717033163,3.562312938043025
1.6383362667599322,3.3059235574518233
0.6369601051634577,-0.9197154137866148
3.742551052798609,-3.739686503439519
-3.6329375682271636,2.8806102436177508
4.373357021042471,1.7052103909438445
1.314122040034996,2.9584402851214078
-2.8959261508573486,-2.1393751468671307
0.2898523001910629,4.77464088709519
-4.748445450080374,0.6544618971669225
-2.009344811867231,0.5327655190848652
4.967975848972019,-2.109051784059184
1.890678238984628,3.382468187574478
0.5067424308025217,0.4180918373465108
-3.7001727910686233,0.7386817864849791
1.7641015433432532,-1.301709952701878
0.6804881430257117,-4.607179354069103
-1.927170741673212,-1.738770312945178
4.1505363087006515,-1.5309958519140099
3.7902895921502644,0.4816863257267272
4.9623288702269495,-1.1144857336470428
0.12163166697692063,1.9368943376078507
2.02913881212236,3.4290269382016305
-1.3791551368749202,2.7271027492814826
-2.6566204517321945,2.201019462356361
3.639348486354425,-0.5686219934206003
-2.3410647928339268,4.329175344488949
4.917543987563178,4.164824954190006
-4.403815097187373,-4.781754273679618
4.681124924817574,1.8239370364216203
1.4783294751599438,0.35156771257460484
1.2914905728386836,1.2245800285206423
1.3868974785577803,-1.9405471480206171
4.047336472732914,-4.379069984355177
-2.310348688783619,-4.048128509788026
-2.640659682564628,1.0588134968283258
3.4028384259648625,-3.1245585242533904
-2.947640928950385,-2.0582255648182466
3.71375536907537,3.1795818826297424
4.498267722754079,4.714799928756143
4.160125468303013,2.390024439508432
4.825661469653406,3.053300231281767
0.6566874881969849,0.24798931280169434
-0.9564576698955287,-3.3972203004625303
0.7917200481484468,-1.8880974412673046
-3.6794109426502186,4.662553059093504
-3.483087168783041,-2.553087274577174
2.458353385323541,2.9122484758520724
-3.3954348572480244,2.3287297254256476
-2.0481859131796476,-4.737837331329327
-4.003579178117544,1.1972057239356184
1.8380869941884495,-1.8132057364788756
1.0702322583792343,2.1411011469306294
0.5940556570623778,-1.1486348592286744
4.385335201018744,2.8780473405468836
-3.095654656450022,0.10701023474473637
1.6508644362360139,0.5745268664125271
-4.521757336095659,-2.218429210735271
0.5052236954916687,2.777776813715553
-4.6361853983857895,-3.8126181875455822
0.21405654241283045,0.01603271175043197
3.4283793109722343,-4.599192246835657
-3.659877775651964,-1.727960309236373
-4.140323795403432,3.772622047174771
-0.8604745190790286,0.1339239473582765
-0.7373379625685956,-2.608434460539837
2.4212218225696525,1.790903263442022
3.7469851594468544,-2.0640913269830428
-2.8767510489585,0.730230162355511
-3.553837973608387,-1.5232952417939183
-0.23184760076080302,2.5148041376747807
2.582399890313524,-4.980032617914825
-1.5314633449884276,2.9708978104017163
-0.41370284229805065,-2.688562567561532
3.5466760947616187,4.5319721198158
2.2622518904487077,4.393522567263734
-4.338041526485598,3.644592227892474
-0.6411513264730431,0.38062146652106854
-0.14824664391672382,4.5434460643918815
4.375519568966931,3.7084953255652664
-4.725483637217288,1.7747434320638922
-0.9491968635121442,3.1205473347692756
-3.3472276861299055,-0.542071616680043
2.8301337180185984,-0.7284340184150562
4.91846860895633,-3.277266268956275
3.7364050715434853,-1.246171590991818
-2.7492753006948165,-1.825916349171648
1.0877441712938403,4.184684584554358
4.14908720970052,4.160877002774781
0.16389747730746773,3.726741818778347
-2.5934786423089164,4.791265874537144
1.3290554707433664,1.6468487509395766
-0.10525894486785603,-3.219874280923949
3.6331864564946503,-0.4135908661389296
-1.7211157607226313,-0.36192244742424684
-3.310198229549257,-0.9879336904442484
4.206775039201439,-4.703335773408438
-3.3452943064022254,-1.841788979571021
-0.8596380497055538,3.6269280252447764
2.6859116507943037,3.1414546633618716
-4.184195180752911,4.701809436519184
1.8010590681303738,3.601191049604198
-4.693976348015873,-4.157950443861894
3.6041548245098465,-3.3155474658298023
-3.5240313539386827,0.5721156783698325
-1.977218200725753,3.9377265146098708
0.014796666734037345,3.081141774266854
4.73950613612284,-1.3227720980383175
3.77141868813802,1.1161234594438767
-0.9245698578015364,-2.9537227312183334
0.5499511923633875,3.5243446586204836
-0.14853204379311347,-1.8515594136447486
3.0715303396673495,-4.941768032159189
-3.7918967292838266,2.521742253153178
3.0284794170114857,1.356253572151834
-3.80322133640545,4.552031166708332
-0.8339875972505819,0.24884963530539217
-1.3455671788293389,3.100032907291922
-3.113533366359179,1.5340082752519502
-4.206967338699556,0.6653367064470181
-0.7505580084045436,4.927663422894421
-0.9565059783068106,-3.86971494645713
1.9403554525949787,-4.724679373389236
-1.1783510983985068,3.641442966435882
2.508083104733534,-3.9564448089476754
-1.5324993764866566,-1.0664208907856487
-3.7702031117537205,-3.8463847281351535
2.487581744018742,3.2794966450417125
1.3454940023715132,-1.0888503197836972
2.2702707035565473,-1.9386572859970586
-4.468216390209484,-0.9189660295549986
4.808566664680978,-4.812093638452208
4.315648275494874,-1.5591449738190777
-0.3332733339533167,3.5667382393273392
-0.7391793723166487,0.4880337576636329
2.9523152447388226,-2.6107761140984076
-1.7902506273575503,-4.718640347339811
0.5414194314828951,2.815188957862955
2.8005056679206417,2.2017569605441123
-1.3161455337403205,1.3310169822961315
0.17438709664049767,-4.564971135678318
4.277178978293444,-2.3895610306874526
3.9944017925912494,4.238636281478165
-4.473310432369674,4.099470903159908
0.10355852084416206,0.45481048192363716
-1.6407371180238273,-0.526177021728536
2.0034590301210145,4.373961156548834
2.5251041252618602,-2.7060131283830255
2.674561858565508,3.30731245407857
2.6260675252815453,1.41414487904391
-0.0642448392103736,3.0697030243894687
-3.066497867245326,-2.770408892265075
-4.973633106335881,0.23602536013637732
-2.7299544587224425,4.665295552988608
1.580567154555613,-0.0696250552386255
4.016277841289265,2.656283735304136
1.8076016291735728,4.730105301959121
-0.044832519669029125,2.699096339293
-3.473421070352768,2.6916091378919615
0.06183484853759147,-4.837790245072309
2.7047880286554857,4.8453428439625394
-2.498873111733362,0.09918845763398654
-4.8869734876744495,1.7620622582248728
-2.0171587913012012,2.8402786284095862
-0.4722785395215743,-2.055909570908072
1.7039282186371816,1.7806132539576245
-3.3527890829156695,-0.8061813181208191
4.128843052829122,3.0040471452466004
-1.106066319536981,-2.5763536782944496
-2.571484943937242,-3.456408815621994
1.0752520924949946,1.2765804382079224
-2.1076773023141504,1.8104972518634774
1.22089095736834,-0.15988540107965044
4.792583892121735,1.379832323499266
-2.3201106643793934,4.73384654663516
3.6407923877222803,-2.6372475598623
1.1433534721585978,-4.71124889077895
-3.995885011000225,-4.818482303451571
4.754694860489435,0.09194190146976666
-3.2278258245999423,4.867592713023052
-4.610674429406469,-1.6379545695411082
-4.259558715817034,-2.2538676499988943
0.7658423806875048,-1.2496992521247274
3.6715244381421783,-1.1037902040882974
1.5309918582652227,1.7608327063241038
-2.634099457531166,-3.4500526317044464
-3.3223946870828227,1.4921462009138722
-0.6158105410136736,-3.7618404226478552
2.8910180090620097,0.14575582546204302
-4.704030707976784,0.6337000784592242
2.4434672005376834,3.8368807589687197
1.049061815808619,-1.8830486606939436
1.7850051692671371,1.7587696484845985
-1.2073682087779467,-1.5164744683668943
1.8361611758392726,4.265977897548902
-4.958144266327737,-2.604845593306516
4.259366001464846,-2.0264748661114442
4.128167861325416,1.0037429385910528
0.027848725322083823,0.015518085073163768
-1.8869849731736164,-2.097228615857616
0.5353812310523516,-1.002209266485857
-1.1792852789484174,4.46984384017818
-3.392593811030251,-1.8190602335459003
-2.5262727288007447,-0.3447137474357014
-0.08673507977034678,-4.849117711901894
-0.9992018079551155,-2.582785088999268
4.422587523483415,-2.019418054367992
-2.8881584467711443,3.620879532013806
4.6377710347827765,2.502688373232588
-1.332844828798323,-3.8178884870588248
-2.362656356977496,0.23255060224548352
-2.1270577528009484,2.060783885803491
-4.5688343566393685,-4.925553684628204
-4.275877597121279,4.903773697005869
4.103483040797215,1.8566437165328287
-0.20613797809230405,-1.3717164502944792
0.2589018693284748,-0.5519215785298881
-4.466960166603943,0.36852139146595597
-3.2966402834113904,3.6861852888666817
2.001958216010701,-0.09898123519139368
-2.3279154573509633,3.594392651891223
-0.9372329109874524,-1.3816204074470564
3.1349409174619822,-4.52745836808301
-3.419859190810702,1.8807443861394946
0.25040441719317386,-4.328182691004539
0.6461514478156918,1.2918733503339288
-0.3139536454884464,-4.034364924175212
-1.931529885365765,2.3438341498054838
3.4869241307348293,-1.2991395556519967
2.0612324846863217,4.883753910301479
0.2738943287458442,-1.6328397924507856
1.6458934757696566,-0.89106537027273
2.4020450959620687,1.6528521267531886
4.507590532892316,-3.6054819104440092
1.4629815013923988,0.29765702067220445
-2.6696240188701315,-1.2479135888203663
2.7764532017623935,-1.1140232408275095
-2.581756726568668,-4.219186602661262
0.7827860566072147,0.9786843394443254
-2.4986483750357813,-3.6597598513029617
4.82306811204381,-2.0919681307853444
2.8555513345839225,-3.307004788141177
-2.229673394391053,2.3119383734266723
0.7377204280906824,1.7446787728955524
4.681211346461856,0.13372713170241823
2.1173563164676494,-3.5758639085605504
0.37546987086766936,4.700843305957703
-4.160562068391744,-3.6895932483416196
1.08194428904162,2.7027864873898704
1.6979885276272313,-0.6124782564580658
0.13130700461582734,3.7380720669585017
-4.713728298267484,-4.684307728863128
-4.717689526639786,4.471435677215471
0.44063582053297345,2.286275793719941
-0.18374234407553303,-3.3480740519047716
2.996510327856842,3.0503330186305924
4.265592419932549,1.9340429293209436
3.357857890504077,-0.901397539660187
3.798267851116453,-2.055846601470197
-2.9690025662363126,-3.457758611517745
-0.9251334494352434,-1.6746893019525255
-1.9980851746735775,1.2409603810456558
0.7269362942446378,-2.012742183716262
3.088270556715292,-3.5113160276852096
-2.0175907365475676,4.06679998963684
0.35534152741014324,-4.873284532813537
3.992188816554009,-2.6145523183969277
0.08335394549134545,0.007605009076705471
2.7921263704856667,0.6018466574854902
-0.036856875912745224,4.517071537723108
4.781049593899272,2.3961822174837426
-3.0566349387463165,3.464203614322699
-1.2454648559295345,-0.10657022448661646
-3.9543968937286222,-1.4884330171712215
-4.187359153560012,-2.740949028455779
1.7975983784678302,0.2871253840019623
3.4849138415955885,-0.6961903512880365
3.6082831180229764,2.9664042097535424
0.13554823667226223,3.450655964112576
0.2745583615246039,-1.6033445131966282
-4.787914774993,-2.0663644310677753
2.0952692008733296,4.249802219964003
-1.2441976909013608,-2.9776574793471813
-3.200761450037949,4.947033539403394
2.3402470816266323,-2.640399207547203
-0.7945549804710073,-1.2121669770712273
-3.4633695078029803,0.6775508779439035
-1.8371635177778578,2.5579887632610614
-2.475168482934275,0.4028907770460073
4.615740616212559,-1.322419473735168
1.4428318951633496,-2.2942246603402108
-3.2416698974817826,2.0769746121328447
-1.521051910060871,4.810905243631508
-3.542294865105119,2.585433634711901
-3.5369504195510637,-4.62446479935359
3.5201280233468566,0.5192499953886198
-1.6336036966837089,-3.5882202030043278
3.6768687725936093,4.003852132211993
4.43475363121132,-0.01977730632217778
-4.92836569590203,0.9062367344117215
3.0117391502289124,1.0744717381855482
1.8036169045728823,-1.5901540196293218
-0.6572872108105123,-4.183700966813807
2.517486434030851,4.2304091128959485
4.61962761324148,-2.7395765392379765
-4.08627615440175,0.2273905489138608
-2.6824864890490474,2.98824394659852
3.0638005201914105,-1.8826629311859522
2.0742763766328913,-3.109563749633879
3.1992800953344798,4.2915307238688705
-1.1107865036558993,-0.0869881473604277
1.6977115715296325,1.6705054546624618
-1.0046446530388433,3.910690772912563
-1.0801088338007925,-2.391075885927658
3.5433006938787344,3.785455683258112
-2.0099511898468627,3.4101313074526587
2.045957435465918,-1.4441611625302473
-2.5435651552277028,-0.9048028397414631
-1.2161573219432196,1.1787437612340899
2.9745951840838334,1.2819899728948396
4.001388172284754,-3.8805726746662508
-2.8404310023203982,-4.893104278545678
-0.5047216245259474,-3.5722556241454995
-0.017951062319824018,-0.4606782587709848
-2.748959077401768,0.3011837847475469
-4.174428699314933,1.4712011792954698
-1.914648987352697,3.5010040766129737
-4.117370592707323,-2.861662397905824
2.212208378563262,-4.925870357432496
4.603440392792399,-3.028874601541842
-2.078289017674014,0.2598836423783668
-1.5278386923487464,-4.0928389908087315
3.1630396667566423,-2.8094193298529033
-2.5926692261258557,3.7779813806527134
0.21368740831682498,-4.5492290550713275
1.6233975476972793,-4.0033808370120285
3.753484780962747,4.047941062551999
3.0968672574049645,2.569197501742563
-3.065950137802824,-0.8539849743076999
-3.884091413816295,4.931848083295163
-2.2507875778377184,-2.9149623027092666
3.2873203683100005,-4.591979270664926
4.44955283233821,0.5921640438508113
4.239805240649394,1.6859749713909258
-3.0288922840600288,-2.096861734188394
-1.741937491386858,-3.2133457710501103
-1.9992262967667607,-4.956509813832102
0.5485530241700634,-2.739180112349038
4.626200819845339,-3.6564910082117907
3.9604683650752914,2.823527470454474
-0.22234031834396895,4.374458768427424
-4.125964531478771,3.634054737942723
1.219978032038929,3.8561203530523116
3.1140667385575522,0.18083493402758322
-0.7768825207448051,3.2602710017947487
0.4255995410036606,-4.28182307497584
1.1885204993439045,-2.5621893109590568
-0.5692854989059226,4.0998621735046505
-1.43526428928579,-0.8351321156913114
3.7118452238629747,-2.8782293135529544
0.2369065412243021,0.09162453043022012
3.0159058449745775,-3.5923355012616556
-0.34746326579316467,-4.007562893547991
2.689064081470435,-2.1332761362312125
3.5405956517049315,3.7029930980423416
4.298991848474991,0.23093371691162723
-1.2159989393898174,1.849192612721552
4.147308686724763,2.783887495833569
-2.2123272850660705,3.625853880351521
-4.4064547519401405,-4.173579358643926
-3.714589569252534,2.3293369415972354
-2.0935471612168097,-3.698602809737258
0.9546112596734337,4.689124152835834
-4.530088804785716,4.383983308819417
2.6374230039118807,-1.9011431680302513
-0.22465973408158213,3.409601855547308
2.976422434689913,4.091107604624231
4.2071316400883365,3.610081414282666
0.9064245295608515,3.6370642290745927
-1.1680534412466548,1.186258993256323
-1.4453276183855603,3.9431319577363126
-4.392194724925438,2.759682761964659
2.748761059339934,-1.478424833449532
-3.178969588180214,-3.889282025937817
-0.5985013946813282,-0.30693758686482386
-0.35019066340419336,3.408129296388031
-0.2559378357394788,-2.947187487437115
0.3458856142834046,-3.100027447829352
1.1220304621694757,-3.379612195397846
-1.2226400577047194,-3.7829161612538975
-3.47106109771973,-3.837683764477818
-3.781294523088139,-1.1732112708113238
4.205529489432399,0.4801989103082551
-0.519725411128996,-2.2614636419044354
-4.322352365532841,1.3730525266988085
1.4114186264002253,-0.7320136804791977
1.6328688976318162,-0.6488344752474333
3.2871874015109963,1.620950192580727
3.8896843906298155,-0.9106474789298638
-3.572680764910987,0.25075394977617016
0.8991658368515232,0.9492668845863577
-4.031828596486432,3.6974428337090224
-0.5433481641258222,0.15016828064572252
4.148977414114977,-4.210347846796977
4.727578997717735,1.0504533372300608
-4.64213981833113,-2.1566085913500475
1.4218382373768481,-4.049949762620062
2.9400504211621374,-2.424686583145083
-0.16264894407327546,-3.4539859410651452
1.0799057592782004,-0.008946832340367195
2.825286177713063,-4.933916366818696
3.121116853813218,-3.0173154972329486
-0.667556498402373,1.7669006372258336
-0.9825722795350886,-3.927813409035185
-2.8818848599146687,3.8279568081894872
2.98537841539269,-3.7050851215233105
0.7038899086485673,4.326793993652933
-1.7184681644147446,3.6508955658476143
1.2095166536330373,1.926598955032084
2.74664535385205,2.6656332512478906
1.3874386817491882,-2.4315732300250925
3.652105457331949,0.01746469968184261
3.6230220625077987,-1.423361635359993
4.095008659409693,-0.22274294117971927
3.247018376741318,-1.4177762400562122
-1.2409982842042835,3.5672941060814853
3.3163476789472295,2.6755595529397542
-0.6473057923149863,4.297127640288979
-0.2691545152079815,-0.3103643146984698
-1.7664631208530377,-2.872068628920906
1.8902814400261843,2.3558978602237097
-3.141511907482321,-4.780154060030761
-4.040477013489917,-3.0456318341779074
-1.728653147709076,1.4256652650965718
-4.567969691845396,-4.52430536946135
-2.064752574646358,3.7782789190508517
-4.645300951390386,1.593107947704052
3.64044256874986,3.137426101785172
2.098553935501691,1.2080582365651713
-1.7806038368946444,2.0894159057519825
0.4420736580871134,0.7680194119932686
2.0733710445872457,4.422360367339625
3.4675215080519184,0.07550472295876354
-1.7236786055751887,-4.846992506073459
-1.876564420954825,-0.08914680166227651
-0.7468620576893406,1.2510910624260054
-3.2100309020848616,3.7533736636885244
-3.2780036934917742,2.5722100950419886
3.158603083001056,-1.6474181503840457
-3.014827618199779,0.31308629229012563
-2.1665370279110108,0.9383066932027209
-1.6959935188034283,-0.35425916541367997
-4.584179930950915,-4.1418312093378615
